dt,x,y,position,velocity,acceleration,jerk,heading
0.020000,53.640214,9.767142,0.000217,0.021686,1.084287,54.214341,3.140171
0.020000,53.640214,9.767142,0.000867,0.043371,1.084287,0.000000,3.140224
0.020000,53.640214,9.767142,0.001952,0.065057,1.084287,0.000000,3.140311
0.020000,53.640214,9.767142,0.003470,0.086743,1.084287,0.000000,3.140433
0.020000,53.640214,9.767142,0.005421,0.108429,1.084287,0.000000,3.140590
0.020000,53.640214,9.767142,0.007807,0.130114,1.084287,0.000000,3.140782
0.020000,53.640214,9.767142,0.010626,0.151800,1.084287,-0.000000,3.141009
0.020000,53.640214,9.767142,0.013879,0.173486,1.084287,0.000000,3.141270
0.020000,53.640214,9.767142,0.017565,0.195172,1.084287,0.000000,3.141567
0.020000,53.636412,9.767142,0.021686,0.216857,1.084287,-0.000000,3.141899
0.020000,53.631858,9.767139,0.026240,0.238543,1.084287,0.000000,3.142265
0.020000,53.626870,9.767135,0.031227,0.260229,1.084287,-0.000000,3.142666
0.020000,53.621450,9.767128,0.036649,0.281915,1.084287,0.000000,3.143103
0.020000,53.615593,9.767118,0.042504,0.303600,1.084287,0.000000,3.143574
0.020000,53.609305,9.767104,0.048793,0.325286,1.084287,0.000000,3.144080
0.020000,53.602583,9.767085,0.055515,0.346972,1.084287,-0.000000,3.144622
0.020000,53.595426,9.767061,0.062672,0.368658,1.084287,0.000000,3.145198
0.020000,53.587837,9.767032,0.070262,0.390343,1.084287,0.000000,3.145810
0.020000,53.579812,9.766995,0.078286,0.412029,1.084287,-0.000000,3.146456
0.020000,53.571356,9.766951,0.086743,0.433715,1.084287,0.000000,3.147138
0.020000,53.562464,9.766899,0.095634,0.455400,1.084287,0.000000,3.147855
0.020000,53.553140,9.766837,0.104959,0.477086,1.084287,-0.000000,3.148607
0.020000,53.543381,9.766765,0.114718,0.498772,1.084287,0.000000,3.149394
0.020000,53.533190,9.766681,0.124910,0.520458,1.084287,0.000000,3.150217
0.020000,53.522563,9.766585,0.135536,0.542143,1.084287,-0.000000,3.151074
0.020000,53.511505,9.766475,0.146596,0.563829,1.084287,0.000000,3.151967
0.020000,53.500012,9.766350,0.158089,0.585515,1.084287,0.000000,3.152896
0.020000,53.488085,9.766210,0.170016,0.607201,1.084287,-0.000000,3.153859
0.020000,53.475726,9.766052,0.182377,0.628886,1.084287,0.000000,3.154858
0.020000,53.462933,9.765876,0.195172,0.650572,1.084287,0.000000,3.155893
0.020000,53.449705,9.765679,0.208400,0.672258,1.084287,-0.000000,3.156963
0.020000,53.436045,9.765462,0.222062,0.693944,1.084287,0.000000,3.158068
0.020000,53.421951,9.765222,0.236158,0.715629,1.084287,0.000000,3.159209
0.020000,53.407425,9.764957,0.250687,0.737315,1.084287,-0.000000,3.160385
0.020000,53.392465,9.764667,0.265650,0.759001,1.084287,0.000000,3.161597
0.020000,53.377071,9.764349,0.281047,0.780687,1.084287,0.000000,3.162845
0.020000,53.361244,9.764003,0.296878,0.802372,1.084287,-0.000000,3.164128
0.020000,53.344983,9.763625,0.313142,0.824058,1.084287,0.000000,3.165446
0.020000,53.328290,9.763216,0.329840,0.845744,1.084287,0.000000,3.166801
0.020000,53.311164,9.762772,0.346972,0.867429,1.084287,-0.000000,3.168191
0.020000,53.293606,9.762293,0.364537,0.889115,1.084287,0.000000,3.169617
0.020000,53.275614,9.761775,0.382536,0.910801,1.084287,0.000000,3.171079
0.020000,53.257189,9.761218,0.400969,0.932487,1.084287,-0.000000,3.172576
0.020000,53.238332,9.760619,0.419836,0.954172,1.084287,0.000000,3.174109
0.020000,53.219043,9.759976,0.439136,0.975858,1.084287,0.000000,3.175678
0.020000,53.199321,9.759288,0.458870,0.997544,1.084287,-0.000000,3.177283
0.020000,53.179168,9.758552,0.479038,1.019230,1.084287,0.000000,3.178924
0.020000,53.158581,9.757766,0.499639,1.040915,1.084287,0.000000,3.180601
0.020000,53.137562,9.756927,0.520675,1.062601,1.084287,0.000000,3.182314
0.020000,53.116111,9.756034,0.542143,1.084287,1.084287,-0.000000,3.184062
0.020000,53.094230,9.755085,0.564046,1.105973,1.084287,0.000000,3.185847
0.020000,53.071917,9.754077,0.586382,1.127658,1.084287,-0.000000,3.187667
0.020000,53.049171,9.753007,0.609152,1.149344,1.084287,0.000000,3.189524
0.020000,53.025995,9.751873,0.632356,1.171030,1.084287,0.000000,3.191416
0.020000,53.002389,9.750673,0.655994,1.192716,1.084287,0.000000,3.193344
0.020000,52.978350,9.749404,0.680065,1.214401,1.084287,-0.000000,3.195309
0.020000,52.953883,9.748064,0.704570,1.236087,1.084287,0.000000,3.197309
0.020000,52.928984,9.746650,0.729508,1.257773,1.084287,-0.000000,3.199345
0.020000,52.903656,9.745159,0.754880,1.279458,1.084287,0.000000,3.201417
0.020000,52.877897,9.743589,0.780687,1.301144,1.084287,0.000000,3.203525
0.020000,52.851710,9.741937,0.806926,1.322830,1.084287,0.000000,3.205669
0.020000,52.825093,9.740200,0.833600,1.344516,1.084287,-0.000000,3.207849
0.020000,52.798047,9.738376,0.860707,1.366201,1.084287,0.000000,3.210064
0.020000,52.770573,9.736460,0.888248,1.387887,1.084287,-0.000000,3.212316
0.020000,52.742671,9.734452,0.916222,1.409573,1.084287,0.000000,3.214603
0.020000,52.714340,9.732346,0.944631,1.431259,1.084287,0.000000,3.216926
0.020000,52.685583,9.730142,0.973473,1.452944,1.084287,0.000000,3.219284
0.020000,52.656399,9.727835,1.002748,1.474630,1.084287,-0.000000,3.221678
0.020000,52.626787,9.725422,1.032458,1.496316,1.084287,0.000000,3.224108
0.020000,52.596749,9.722900,1.062601,1.518002,1.084287,-0.000000,3.226573
0.020000,52.566286,9.720267,1.093178,1.539687,1.084287,0.000000,3.229074
0.020000,52.535398,9.717519,1.124189,1.561373,1.084287,0.000000,3.231609
0.020000,52.504085,9.714652,1.155633,1.583059,1.084287,0.000000,3.234180
0.020000,52.472347,9.711663,1.187511,1.604745,1.084287,-0.000000,3.236786
0.020000,52.440185,9.708549,1.219823,1.626430,1.084287,0.000000,3.239428
0.020000,52.407600,9.705307,1.252568,1.648116,1.084287,-0.000000,3.242104
0.020000,52.374593,9.701933,1.285747,1.669802,1.084287,0.000000,3.244814
0.020000,52.341164,9.698424,1.319360,1.691487,1.084287,0.000000,3.247560
0.020000,52.307314,9.694776,1.353407,1.713173,1.084287,-0.000000,3.250340
0.020000,52.273042,9.690985,1.387887,1.734859,1.084287,0.000000,3.253154
0.020000,52.238351,9.687049,1.422801,1.756545,1.084287,0.000000,3.256003
0.020000,52.203240,9.682963,1.458149,1.778230,1.084287,0.000000,3.258885
0.020000,52.167711,9.678724,1.493930,1.799916,1.084287,-0.000000,3.261801
0.020000,52.131763,9.674328,1.530146,1.821602,1.084287,0.000000,3.264752
0.020000,52.095399,9.669771,1.566794,1.843288,1.084287,-0.000000,3.267735
0.020000,52.058619,9.665051,1.603877,1.864973,1.084287,0.000000,3.270752
0.020000,52.021422,9.660162,1.641393,1.886659,1.084287,0.000000,3.273802
0.020000,51.983810,9.655101,1.679343,1.908345,1.084287,0.000000,3.276885
0.020000,51.945786,9.649865,1.717727,1.930031,1.084287,-0.000000,3.280000
0.020000,51.907349,9.644449,1.756545,1.951716,1.084287,0.000000,3.283147
0.020000,51.868498,9.638849,1.795796,1.973402,1.084287,-0.000000,3.286327
0.020000,51.829238,9.633062,1.835481,1.995088,1.084287,0.000000,3.289539
0.020000,51.789567,9.627084,1.875599,2.016774,1.084287,0.000000,3.292782
0.020000,51.749487,9.620911,1.916152,2.038459,1.084287,-0.000000,3.296056
0.020000,51.709000,9.614538,1.957138,2.060145,1.084287,0.000000,3.299361
0.020000,51.668105,9.607962,1.998557,2.081831,1.084287,0.000000,3.302697
0.020000,51.626806,9.601179,2.040411,2.103516,1.084287,0.000000,3.306063
0.020000,51.585101,9.594185,2.082698,2.125202,1.084287,0.000000,3.309459
0.020000,51.542993,9.586975,2.125419,2.146888,1.084287,0.000000,3.312884
0.020000,51.500482,9.579545,2.168574,2.168574,1.084287,-0.000000,3.316339
0.020000,51.457572,9.571893,2.212162,2.190259,1.084287,0.000000,3.319822
0.020000,51.414260,9.564012,2.256184,2.211945,1.084287,-0.000000,3.323333
0.020000,51.370551,9.555899,2.300640,2.233631,1.084287,0.000000,3.326873
0.020000,51.326445,9.547551,2.345529,2.255317,1.084287,-0.000000,3.330440
0.020000,51.281943,9.538963,2.390852,2.277002,1.084287,0.000000,3.334034
0.020000,51.237046,9.530130,2.436609,2.298688,1.084287,0.000000,3.337654
0.020000,51.191757,9.521049,2.482800,2.320374,1.084287,0.000000,3.341301
0.020000,51.146077,9.511716,2.529424,2.342060,1.084287,-0.000000,3.344973
0.020000,51.100006,9.502126,2.576482,2.363745,1.084287,0.000000,3.348671
0.020000,51.053547,9.492275,2.623974,2.385431,1.084287,0.000000,3.352393
0.020000,51.006702,9.482159,2.671900,2.407117,1.084287,0.000000,3.356138
0.020000,50.959471,9.471774,2.720259,2.428802,1.084287,-0.000000,3.359908
0.020000,50.911856,9.461116,2.769052,2.450488,1.084287,0.000000,3.363700
0.020000,50.863860,9.450181,2.818278,2.472174,1.084287,-0.000000,3.367514
0.020000,50.815483,9.438964,2.867939,2.493860,1.084287,0.000000,3.371351
0.020000,50.766727,9.427461,2.918033,2.515545,1.084287,-0.000000,3.375208
0.020000,50.717595,9.415669,2.968560,2.537231,1.084287,0.000000,3.379085
0.020000,50.668087,9.403583,3.019522,2.558917,1.084287,0.000000,3.382983
0.020000,50.618206,9.391199,3.070917,2.580603,1.084287,0.000000,3.386899
0.020000,50.567954,9.378513,3.122746,2.602288,1.084287,-0.000000,3.390834
0.020000,50.517332,9.365521,3.175009,2.623974,1.084287,0.000000,3.394787
0.020000,50.466342,9.352220,3.227705,2.645660,1.084287,0.000000,3.398757
0.020000,50.414986,9.338604,3.280835,2.667346,1.084287,-0.000000,3.402743
0.020000,50.363267,9.324671,3.334399,2.689031,1.084287,0.000000,3.406745
0.020000,50.311185,9.310416,3.388396,2.710717,1.084287,0.000000,3.410761
0.020000,50.258743,9.295835,3.442828,2.732403,1.084287,-0.000000,3.414792
0.020000,50.205943,9.280925,3.497692,2.754089,1.084287,-0.000000,3.418835
0.020000,50.152787,9.265681,3.552991,2.775774,1.084287,0.000000,3.422892
0.020000,50.099277,9.250101,3.608723,2.797460,1.084287,0.000000,3.426960
0.020000,50.045415,9.234180,3.664889,2.819146,1.084287,0.000000,3.431038
0.020000,49.991203,9.217914,3.721489,2.840831,1.084287,-0.000000,3.435127
0.020000,49.936642,9.201300,3.778523,2.862517,1.084287,0.000000,3.439225
0.020000,49.881737,9.184335,3.835990,2.884203,1.084287,-0.000000,3.443331
0.020000,49.826487,9.167014,3.893891,2.905889,1.084287,0.000000,3.447444
0.020000,49.770896,9.149334,3.952225,2.927574,1.084287,-0.000000,3.451564
0.020000,49.714966,9.131293,4.010994,2.949260,1.084287,0.000000,3.455690
0.020000,49.658698,9.112885,4.070196,2.970946,1.084287,0.000000,3.459820
0.020000,49.602096,9.094109,4.129832,2.992632,1.084287,0.000000,3.463954
0.020000,49.545160,9.074961,4.189901,3.014317,1.084287,-0.000000,3.468091
0.020000,49.487893,9.055437,4.250404,3.036003,1.084287,0.000000,3.472230
0.020000,49.430298,9.035535,4.311341,3.057689,1.084287,0.000000,3.476370
0.020000,49.372377,9.015251,4.372712,3.079375,1.084287,0.000000,3.480510
0.020000,49.314131,8.994582,4.434516,3.101060,1.084287,-0.000000,3.484648
0.020000,49.255563,8.973526,4.496754,3.122746,1.084287,0.000000,3.488785
0.020000,49.196675,8.952080,4.559426,3.144432,1.084287,-0.000000,3.492919
0.020000,49.137469,8.930240,4.622532,3.166118,1.084287,0.000000,3.497049
0.020000,49.077948,8.908004,4.686071,3.187803,1.084287,-0.000000,3.501174
0.020000,49.018113,8.885370,4.750044,3.209489,1.084287,0.000000,3.505293
0.020000,48.957967,8.862334,4.814450,3.231175,1.084287,0.000000,3.509405
0.020000,48.897511,8.838895,4.879291,3.252860,1.084287,0.000000,3.513509
0.020000,48.836748,8.815050,4.944565,3.274546,1.084287,-0.000000,3.517605
0.020000,48.775681,8.790796,5.010273,3.296232,1.084287,0.000000,3.521690
0.020000,48.714310,8.766131,5.076414,3.317918,1.084287,0.000000,3.525764
0.020000,48.652639,8.741054,5.142989,3.339603,1.084287,-0.000000,3.529826
0.020000,48.590668,8.715562,5.209998,3.361289,1.084287,0.000000,3.533875
0.020000,48.528401,8.689653,5.277441,3.382975,1.084287,0.000000,3.537910
0.020000,48.465838,8.663325,5.345317,3.404661,1.084287,-0.000000,3.541929
0.020000,48.402983,8.636577,5.413627,3.426346,1.084287,-0.000000,3.545932
0.020000,48.339837,8.609406,5.482371,3.448032,1.084287,0.000000,3.549918
0.020000,48.276402,8.581811,5.551549,3.469718,1.084287,0.000000,3.553886
0.020000,48.212679,8.553791,5.621160,3.491404,1.084287,0.000000,3.557834
0.020000,48.148671,8.525344,5.691205,3.513089,1.084287,0.000000,3.561762
0.020000,48.084379,8.496469,5.761683,3.534775,1.084287,0.000000,3.565668
0.020000,48.019805,8.467164,5.832596,3.556461,1.084287,0.000000,3.569552
0.020000,47.954950,8.437429,5.903942,3.578147,1.084287,0.000000,3.573412
0.020000,47.889817,8.407263,5.975722,3.599832,1.084287,-0.000000,3.577248
0.020000,47.824407,8.376663,6.047935,3.621518,1.084287,0.000000,3.581058
0.020000,47.758722,8.345630,6.120582,3.643204,1.084287,0.000000,3.584841
0.020000,47.692763,8.314164,6.193663,3.664889,1.084287,-0.000000,3.588597
0.020000,47.626530,8.282262,6.267178,3.686575,1.084287,-0.000000,3.592323
0.020000,47.560027,8.249925,6.341126,3.708261,1.084287,0.000000,3.596020
0.020000,47.493254,8.217152,6.415508,3.729947,1.084287,0.000000,3.599687
0.020000,47.426213,8.183944,6.490324,3.751632,1.084287,0.000000,3.603321
0.020000,47.358904,8.150299,6.565574,3.773318,1.084287,0.000000,3.606922
0.020000,47.291328,8.116218,6.641257,3.795004,1.084287,0.000000,3.610490
0.020000,47.223488,8.081700,6.717374,3.816690,1.084287,0.000000,3.614023
0.020000,47.155384,8.046746,6.793924,3.838375,1.084287,0.000000,3.617520
0.020000,47.087016,8.011356,6.870909,3.860061,1.084287,-0.000000,3.620980
0.020000,47.018386,7.975530,6.948327,3.881747,1.084287,0.000000,3.624402
0.020000,46.949495,7.939269,7.026179,3.903433,1.084287,0.000000,3.627785
0.020000,46.880342,7.902573,7.104464,3.925118,1.084287,-0.000000,3.631128
0.020000,46.810930,7.865443,7.183183,3.946804,1.084287,-0.000000,3.634431
0.020000,46.741258,7.827880,7.262336,3.968490,1.084287,0.000000,3.637692
0.020000,46.671327,7.789884,7.341923,3.990176,1.084287,0.000000,3.640910
0.020000,46.601138,7.751456,7.421943,4.011861,1.084287,-0.000000,3.644084
0.020000,46.530690,7.712598,7.502397,4.033547,1.084287,0.000000,3.647213
0.020000,46.459984,7.673311,7.583285,4.055233,1.084287,-0.000000,3.650297
0.020000,46.389020,7.633595,7.664607,4.076918,1.084287,-0.000000,3.653334
0.020000,46.317799,7.593453,7.746362,4.098604,1.084287,0.000000,3.656324
0.020000,46.246319,7.552886,7.828551,4.120290,1.084287,0.000000,3.659265
0.020000,46.174582,7.511895,7.911174,4.141976,1.084287,0.000000,3.662157
0.020000,46.102586,7.470483,7.994230,4.163661,1.084287,0.000000,3.664999
0.020000,46.030332,7.428650,8.077720,4.185347,1.084287,0.000000,3.667789
0.020000,45.957819,7.386400,8.161644,4.207033,1.084287,0.000000,3.670526
0.020000,45.885047,7.343734,8.246001,4.228719,1.084287,0.000000,3.673211
0.020000,45.812361,7.300859,8.330391,4.210225,-0.924672,-100.447937,3.675829
0.020000,45.740131,7.258002,8.414378,4.188539,-1.084287,-7.980746,3.678368
0.020000,45.668380,7.215186,8.497932,4.166854,-1.084287,-0.000000,3.680828
0.020000,45.597106,7.172420,8.581053,4.145168,-1.084287,0.000000,3.683210
0.020000,45.526303,7.129712,8.663739,4.123482,-1.084287,0.000000,3.685515
0.020000,45.455969,7.087067,8.745992,4.101797,-1.084287,0.000000,3.687745
0.020000,45.386098,7.044494,8.827811,4.080111,-1.084287,0.000000,3.689900
0.020000,45.316687,7.002000,8.909196,4.058425,-1.084287,0.000000,3.691981
0.020000,45.247733,6.959591,8.990148,4.036739,-1.084287,0.000000,3.693990
0.020000,45.179232,6.917275,9.070666,4.015054,-1.084287,0.000000,3.695928
0.020000,45.111180,6.875056,9.150750,3.993368,-1.084287,0.000000,3.697796
0.020000,45.043574,6.832942,9.230401,3.971682,-1.084287,0.000000,3.699594
0.020000,44.976409,6.790939,9.309617,3.949996,-1.084287,0.000000,3.701325
0.020000,44.909684,6.749053,9.388400,3.928311,-1.084287,0.000000,3.702989
0.020000,44.843394,6.707289,9.466750,3.906625,-1.084287,0.000000,3.704587
0.020000,44.777536,6.665653,9.544665,3.884939,-1.084287,0.000000,3.706120
0.020000,44.712106,6.624150,9.622147,3.863253,-1.084287,-0.000000,3.707589
0.020000,44.647103,6.582786,9.699196,3.841568,-1.084287,-0.000000,3.708996
0.020000,44.582522,6.541567,9.775810,3.819882,-1.084287,0.000000,3.710341
0.020000,44.518360,6.500496,9.851991,3.798196,-1.084287,0.000000,3.711625
0.020000,44.454615,6.459579,9.927738,3.776510,-1.084287,-0.000000,3.712849
0.020000,44.391284,6.418821,10.003051,3.754825,-1.084287,0.000000,3.714015
0.020000,44.328363,6.378226,10.077931,3.733139,-1.084287,0.000000,3.715123
0.020000,44.265851,6.337798,10.152377,3.711453,-1.084287,-0.000000,3.716174
0.020000,44.203743,6.297542,10.226389,3.689768,-1.084287,-0.000000,3.717169
0.020000,44.142039,6.257463,10.299968,3.668082,-1.084287,0.000000,3.718109
0.020000,44.080735,6.217564,10.373112,3.646396,-1.084287,0.000000,3.718995
0.020000,44.019828,6.177849,10.445823,3.624710,-1.084287,-0.000000,3.719828
0.020000,43.959317,6.138322,10.518101,3.603025,-1.084287,0.000000,3.720609
0.020000,43.899198,6.098987,10.589944,3.581339,-1.084287,0.000000,3.721338
0.020000,43.839470,6.059848,10.661354,3.559653,-1.084287,0.000000,3.722017
0.020000,43.780129,6.020907,10.732330,3.537967,-1.084287,0.000000,3.722647
0.020000,43.721175,5.982168,10.802873,3.516282,-1.084287,0.000000,3.723228
0.020000,43.662605,5.943635,10.872982,3.494596,-1.084287,0.000000,3.723761
0.020000,43.604417,5.905311,10.942657,3.472910,-1.084287,0.000000,3.724247
0.020000,43.546609,5.867199,11.011898,3.451224,-1.084287,-0.000000,3.724688
0.020000,43.489178,5.829301,11.080706,3.429539,-1.084287,-0.000000,3.725082
0.020000,43.432124,5.791621,11.149080,3.407853,-1.084287,0.000000,3.725433
0.020000,43.375444,5.754161,11.217020,3.386167,-1.084287,0.000000,3.725740
0.020000,43.319136,5.716924,11.284526,3.364481,-1.084287,-0.000000,3.726004
0.020000,43.263199,5.679913,11.351599,3.342796,-1.084287,0.000000,3.726226
0.020000,43.207631,5.643130,11.418238,3.321110,-1.084287,0.000000,3.726407
0.020000,43.152431,5.606578,11.484444,3.299424,-1.084287,0.000000,3.726547
0.020000,43.097597,5.570259,11.550215,3.277739,-1.084287,0.000000,3.726648
0.020000,43.043127,5.534174,11.615553,3.256053,-1.084287,0.000000,3.726710
0.020000,42.989020,5.498327,11.680457,3.234367,-1.084287,0.000000,3.726734
0.020000,42.935275,5.462719,11.744928,3.212681,-1.084287,0.000000,3.726720
0.020000,42.881891,5.427352,11.808965,3.190996,-1.084287,-0.000000,3.726670
0.020000,42.828866,5.392229,11.872568,3.169310,-1.084287,-0.000000,3.726584
0.020000,42.776198,5.357350,11.935737,3.147624,-1.084287,0.000000,3.726463
0.020000,42.723888,5.322718,11.998473,3.125938,-1.084287,0.000000,3.726308
0.020000,42.671933,5.288335,12.060774,3.104253,-1.084287,-0.000000,3.726118
0.020000,42.620333,5.254201,12.122643,3.082567,-1.084287,0.000000,3.725896
0.020000,42.569086,5.220319,12.184077,3.060881,-1.084287,0.000000,3.725642
0.020000,42.518192,5.186690,12.245078,3.039195,-1.084287,0.000000,3.725356
0.020000,42.467650,5.153315,12.305645,3.017510,-1.084287,0.000000,3.725039
0.020000,42.417459,5.120196,12.365778,2.995824,-1.084287,0.000000,3.724691
0.020000,42.367618,5.087334,12.425478,2.974138,-1.084287,0.000000,3.724315
0.020000,42.318127,5.054730,12.484744,2.952452,-1.084287,0.000000,3.723909
0.020000,42.268984,5.022385,12.543576,2.930767,-1.084287,-0.000000,3.723476
0.020000,42.220189,4.990301,12.601975,2.909081,-1.084287,-0.000000,3.723015
0.020000,42.171741,4.958477,12.659939,2.887395,-1.084287,0.000000,3.722527
0.020000,42.123640,4.926916,12.717470,2.865710,-1.084287,0.000000,3.722013
0.020000,42.075885,4.895618,12.774568,2.844024,-1.084287,-0.000000,3.721473
0.020000,42.028475,4.864584,12.831231,2.822338,-1.084287,0.000000,3.720909
0.020000,41.981411,4.833815,12.887461,2.800652,-1.084287,0.000000,3.720320
0.020000,41.934691,4.803311,12.943257,2.778967,-1.084287,-0.000000,3.719708
0.020000,41.888316,4.773073,12.998620,2.757281,-1.084287,0.000000,3.719072
0.020000,41.842285,4.743101,13.053549,2.735595,-1.084287,0.000000,3.718415
0.020000,41.796597,4.713397,13.108044,2.713909,-1.084287,0.000000,3.717735
0.020000,41.751252,4.683961,13.162105,2.692224,-1.084287,-0.000000,3.717035
0.020000,41.706251,4.654792,13.215733,2.670538,-1.084287,0.000000,3.716314
0.020000,41.661592,4.625893,13.268926,2.648852,-1.084287,-0.000000,3.715573
0.020000,41.617276,4.597262,13.321687,2.627166,-1.084287,0.000000,3.714813
0.020000,41.573303,4.568900,13.374013,2.605481,-1.084287,-0.000000,3.714034
0.020000,41.529672,4.540808,13.425906,2.583795,-1.084287,0.000000,3.713237
0.020000,41.486383,4.512985,13.477365,2.562109,-1.084287,0.000000,3.712423
0.020000,41.443436,4.485432,13.528390,2.540423,-1.084287,0.000000,3.711591
0.020000,41.400831,4.458149,13.578982,2.518738,-1.084287,-0.000000,3.710743
0.020000,41.358569,4.431137,13.629140,2.497052,-1.084287,0.000000,3.709880
0.020000,41.316648,4.404394,13.678864,2.475366,-1.084287,0.000000,3.709001
0.020000,41.275070,4.377921,13.728154,2.453681,-1.084287,0.000000,3.708107
0.020000,41.233834,4.351719,13.777011,2.431995,-1.084287,-0.000000,3.707200
0.020000,41.192940,4.325786,13.825434,2.410309,-1.084287,0.000000,3.706279
0.020000,41.152389,4.300124,13.873424,2.388623,-1.084287,-0.000000,3.705345
0.020000,41.112180,4.274731,13.920979,2.366938,-1.084287,0.000000,3.704398
0.020000,41.072314,4.249607,13.968101,2.345252,-1.084287,-0.000000,3.703440
0.020000,41.032791,4.224753,14.014789,2.323566,-1.084287,0.000000,3.702470
0.020000,40.993612,4.200168,14.061044,2.301880,-1.084287,0.000000,3.701490
0.020000,40.954775,4.175852,14.106864,2.280195,-1.084287,0.000000,3.700499
0.020000,40.916283,4.151805,14.152251,2.258509,-1.084287,-0.000000,3.699498
0.020000,40.878134,4.128025,14.197205,2.236823,-1.084287,-0.000000,3.698489
0.020000,40.840329,4.104513,14.241724,2.215137,-1.084287,0.000000,3.697470
0.020000,40.802869,4.081269,14.285810,2.193452,-1.084287,0.000000,3.696444
0.020000,40.765754,4.058291,14.329462,2.171766,-1.084287,-0.000000,3.695409
0.020000,40.728984,4.035580,14.372681,2.150080,-1.084287,0.000000,3.694368
0.020000,40.692559,4.013135,14.415466,2.128394,-1.084287,0.000000,3.693320
0.020000,40.656480,3.990955,14.457817,2.106709,-1.084287,0.000000,3.692266
0.020000,40.620748,3.969040,14.499734,2.085023,-1.084287,0.000000,3.691206
0.020000,40.585362,3.947390,14.541218,2.063337,-1.084287,0.000000,3.690141
0.020000,40.550324,3.926003,14.582268,2.041652,-1.084287,0.000000,3.689071
0.020000,40.515633,3.904880,14.622884,2.019966,-1.084287,0.000000,3.687997
0.020000,40.481290,3.884018,14.663066,1.998280,-1.084287,0.000000,3.686919
0.020000,40.447295,3.863419,14.702815,1.976594,-1.084287,0.000000,3.685838
0.020000,40.413649,3.843081,14.742130,1.954909,-1.084287,-0.000000,3.684755
0.020000,40.380353,3.823004,14.781011,1.933223,-1.084287,0.000000,3.683669
0.020000,40.347407,3.803186,14.819459,1.911537,-1.084287,-0.000000,3.682581
0.020000,40.314810,3.783627,14.857473,1.889851,-1.084287,0.000000,3.681492
0.020000,40.282565,3.764326,14.895053,1.868166,-1.084287,0.000000,3.680402
0.020000,40.250671,3.745283,14.932199,1.846480,-1.084287,0.000000,3.679311
0.020000,40.219129,3.726497,14.968912,1.824794,-1.084287,-0.000000,3.678220
0.020000,40.187940,3.707967,15.005191,1.803108,-1.084287,0.000000,3.677130
0.020000,40.157103,3.689692,15.041036,1.781423,-1.084287,-0.000000,3.676041
0.020000,40.126620,3.671671,15.076448,1.759737,-1.084287,0.000000,3.674952
0.020000,40.096490,3.653903,15.111426,1.738051,-1.084287,0.000000,3.673866
0.020000,40.066716,3.636388,15.145970,1.716365,-1.084287,0.000000,3.672782
0.020000,40.037296,3.619125,15.180081,1.694680,-1.084287,-0.000000,3.671700
0.020000,40.008232,3.602113,15.213757,1.672994,-1.084287,0.000000,3.670621
0.020000,39.979525,3.585351,15.247000,1.651308,-1.084287,-0.000000,3.669545
0.020000,39.951174,3.568838,15.279810,1.629623,-1.084287,0.000000,3.668473
0.020000,39.923180,3.552573,15.312185,1.607937,-1.084287,0.000000,3.667406
0.020000,39.895545,3.536556,15.344127,1.586251,-1.084287,0.000000,3.666343
0.020000,39.868268,3.520785,15.375635,1.564565,-1.084287,-0.000000,3.665284
0.020000,39.841350,3.505259,15.406710,1.542880,-1.084287,0.000000,3.664232
0.020000,39.814791,3.489978,15.437350,1.521194,-1.084287,0.000000,3.663184
0.020000,39.788593,3.474941,15.467557,1.499508,-1.084287,0.000000,3.662143
0.020000,39.762756,3.460146,15.497331,1.477822,-1.084287,-0.000000,3.661109
0.020000,39.737280,3.445593,15.526670,1.456137,-1.084287,0.000000,3.660081
0.020000,39.712166,3.431281,15.555576,1.434451,-1.084287,-0.000000,3.659060
0.020000,39.687414,3.417209,15.584048,1.412765,-1.084287,0.000000,3.658047
0.020000,39.663026,3.403376,15.612087,1.391079,-1.084287,0.000000,3.657042
0.020000,39.639001,3.389781,15.639692,1.369394,-1.084287,0.000000,3.656045
0.020000,39.615340,3.376423,15.666863,1.347708,-1.084287,-0.000000,3.655056
0.020000,39.592044,3.363301,15.693600,1.326022,-1.084287,0.000000,3.654076
0.020000,39.569114,3.350414,15.719903,1.304336,-1.084287,-0.000000,3.653106
0.020000,39.546549,3.337762,15.745773,1.282651,-1.084287,0.000000,3.652145
0.020000,39.524351,3.325343,15.771209,1.260965,-1.084287,0.000000,3.651194
0.020000,39.502519,3.313156,15.796212,1.239279,-1.084287,0.000000,3.650253
0.020000,39.481056,3.301201,15.820781,1.217594,-1.084287,-0.000000,3.649323
0.020000,39.459960,3.289476,15.844916,1.195908,-1.084287,0.000000,3.648403
0.020000,39.439233,3.277981,15.868617,1.174222,-1.084287,0.000000,3.647495
0.020000,39.418875,3.266715,15.891885,1.152536,-1.084287,-0.000000,3.646598
0.020000,39.398886,3.255676,15.914718,1.130851,-1.084287,0.000000,3.645712
0.020000,39.379268,3.244865,15.937119,1.109165,-1.084287,-0.000000,3.644839
0.020000,39.360020,3.234279,15.959085,1.087479,-1.084287,0.000000,3.643978
0.020000,39.341144,3.223919,15.980618,1.065793,-1.084287,0.000000,3.643129
0.020000,39.322639,3.213783,16.001717,1.044108,-1.084287,0.000000,3.642293
0.020000,39.304506,3.203870,16.022382,1.022422,-1.084287,0.000000,3.641470
0.020000,39.286746,3.194180,16.042614,1.000736,-1.084287,-0.000000,3.640661
0.020000,39.269359,3.184711,16.062411,0.979050,-1.084287,-0.000000,3.639865
0.020000,39.252346,3.175464,16.081776,0.957365,-1.084287,0.000000,3.639083
0.020000,39.235707,3.166436,16.100706,0.935679,-1.084287,-0.000000,3.638315
0.020000,39.219442,3.157628,16.119203,0.913993,-1.084287,0.000000,3.637561
0.020000,39.203553,3.149038,16.137266,0.892307,-1.084287,0.000000,3.636821
0.020000,39.188038,3.140665,16.154895,0.870622,-1.084287,-0.000000,3.636097
0.020000,39.172900,3.132510,16.172091,0.848936,-1.084287,0.000000,3.635387
0.020000,39.158137,3.124570,16.188853,0.827250,-1.084287,0.000000,3.634692
0.020000,39.143752,3.116846,16.205181,0.805565,-1.084287,-0.000000,3.634013
0.020000,39.129743,3.109336,16.221075,0.783879,-1.084287,0.000000,3.633350
0.020000,39.116112,3.102041,16.236536,0.762193,-1.084287,0.000000,3.632702
0.020000,39.102859,3.094958,16.251563,0.740507,-1.084287,-0.000000,3.632070
0.020000,39.089984,3.088088,16.266156,0.718822,-1.084287,0.000000,3.631454
0.020000,39.077488,3.081430,16.280316,0.697136,-1.084287,0.000000,3.630855
0.020000,39.065370,3.074982,16.294042,0.675450,-1.084287,-0.000000,3.630272
0.020000,39.053632,3.068745,16.307334,0.653764,-1.084287,0.000000,3.629706
0.020000,39.042274,3.062718,16.320192,0.632079,-1.084287,0.000000,3.629157
0.020000,39.031295,3.056901,16.332617,0.610393,-1.084287,-0.000000,3.628625
0.020000,39.020697,3.051292,16.344608,0.588707,-1.084287,0.000000,3.628110
0.020000,39.010479,3.045891,16.356165,0.567021,-1.084287,0.000000,3.627612
0.020000,39.000643,3.040697,16.367289,0.545336,-1.084287,-0.000000,3.627132
0.020000,38.991187,3.035710,16.377979,0.523650,-1.084287,0.000000,3.626669
0.020000,38.982113,3.030930,16.388235,0.501964,-1.084287,0.000000,3.626224
0.020000,38.973421,3.026356,16.398057,0.480279,-1.084287,-0.000000,3.625797
0.020000,38.965111,3.021987,16.407446,0.458593,-1.084287,0.000000,3.625388
0.020000,38.957182,3.017823,16.416401,0.436907,-1.084287,0.000000,3.624997
0.020000,38.949637,3.013864,16.424922,0.415221,-1.084287,-0.000000,3.624624
0.020000,38.942474,3.010109,16.433010,0.393536,-1.084287,0.000000,3.624270
0.020000,38.935694,3.006558,16.440664,0.371850,-1.084287,0.000000,3.623934
0.020000,38.929297,3.003209,16.447884,0.350164,-1.084287,0.000000,3.623617
0.020000,38.923283,3.000064,16.454670,0.328478,-1.084287,-0.000000,3.623318
0.020000,38.917653,2.997122,16.461023,0.306793,-1.084287,0.000000,3.623038
0.020000,38.912407,2.994382,16.466942,0.285107,-1.084287,0.000000,3.622776
0.020000,38.907544,2.991844,16.472427,0.263421,-1.084287,0.000000,3.622534
0.020000,38.903065,2.989507,16.477479,0.241735,-1.084287,-0.000000,3.622310
0.020000,38.898970,2.987372,16.482097,0.220050,-1.084287,0.000000,3.622105
0.020000,38.895260,2.985438,16.486281,0.198364,-1.084287,0.000000,3.621920
0.020000,38.891934,2.983706,16.490031,0.176678,-1.084287,-0.000000,3.621753
0.020000,38.888992,2.982174,16.493348,0.154992,-1.084287,0.000000,3.621606
0.020000,38.886435,2.980843,16.496231,0.133307,-1.084287,0.000000,3.621478
0.020000,38.884262,2.979712,16.498680,0.111621,-1.084287,-0.000000,3.621369
0.020000,38.882474,2.978782,16.500696,0.089935,-1.084287,0.000000,3.621279
0.020000,38.881071,2.978052,16.502277,0.068250,-1.084287,0.000000,3.621209
0.020000,38.880052,2.977522,16.503426,0.046564,-1.084287,0.000000,3.621158
0.020000,38.879418,2.977193,16.504140,0.024878,-1.084287,0.000000,3.621126
0.020000,38.879169,2.977063,16.504421,0.003192,-1.084287,0.000000,3.621113
0.020000,38.879141,2.977048,16.504453,0.000000,-0.159615,46.233595,3.621112
0.020000,38.879141,2.977048,16.504453,0.000000,0.000000,7.980746,3.621112
